,Categorized Episode (Start to End) Duration,Episode (Start to End) Duration,Episode Count above Max Threshold,Episode Duration above Max Threshold - Actual Duration Analyzed,Participant,Total Categorized Episodes,Total Categorized Episodes Duration Sum - Actual Duration Analyzed,Total Duration - Actual Duration Analyzed,Total Occurring Episodes,Total Duration of Participant,% Episode Start to End / Total,% Episode Analyzed / Total
0,39074.21,54968.9,6.0,895.29,p2_pre _e20160630_175407_013089_1_Min_Density.csv,14.0,1202.88,4816.78,60.0,56569.82,97.1700104402,8.5147522124
1,19956.21,45039.54,1.0,8.59,p3 post _ e20160710_123024_013089_1_Min_Density.csv,13.0,523.68,1689.21,32.0,56541.41,79.6576173109,2.98756256698
2,16575.01,23764.22,2.0,321.45,p3 pre_e20160705_171307_013088_1_Min_Density.csv,11.0,733.27,1837.63,37.0,56026.89,42.4157400134,3.2799072017
3,46426.44,56097.28,0.0,0.0,p4 post_ e20160710_123200_013088_1_Min_Density.csv,16.0,1164.39,4306.95,48.0,56620.13,99.0765651721,7.60674692905
4,38056.25,57120.63,6.0,984.22,p5 post_ e20160830_152743_013088_1_Min_Density.csv,18.0,1548.12,5627.09,56.0,57524.43,99.298037373,9.78208736705
5,44251.14,57122.37,1.0,189.01,P5 pre _ e20160718_141513_013088_1_Min_Density.csv,14.0,838.66,6982.08,78.0,57405.72,99.5064080722,12.1626904079
6,11378.92,47260.19,5.0,786.71,p6 post _ e20160830_153103_013089_1_Min_Density.csv,23.0,1562.0,10338.03,113.0,57421.76,82.3036249673,18.003680138
7,36794.89,43158.66,7.0,1065.69,p6 pre_ e20160718_142108_013089_1_Min_Density.csv,24.0,2026.88,10302.07,100.0,53121.84,81.244663212,19.3932853229
